;X.Intercept.;age_class;samcam;scl.ats1;I.scl.ats1.2.;scl.clay;scl.cn;scl.mc;I.scl.mc.2.;scl.pH;scl.prec1;age_class.samcam;scl.cn.scl.pH;scl.mc.scl.pH;offset.log.area..;df;logLik;AICc;delta;weight;V21
1115;0.651784012;+;+;NA;-0.30334905;-0.411582793;NA;0.170337595;NA;NA;NA;+;NA;NA;NA;19;-344.1727747;731.1556759;0;0.084256625;anc
9307;2.038079794;+;+;NA;-0.303350019;-0.411583014;NA;0.170337693;NA;NA;NA;+;NA;NA;+;19;-344.1727747;731.1556759;1.15E-10;0.084256625;anc
1363;0.452409795;+;+;NA;NA;-0.516980656;NA;0.193129665;NA;0.277422345;NA;+;NA;NA;NA;19;-344.415161;731.6404485;0.484772595;0.066120637;anc
9555;1.838705353;+;+;NA;NA;-0.516980248;NA;0.193129504;NA;0.277422275;NA;+;NA;NA;+;19;-344.415161;731.6404485;0.484772595;0.066120637;anc
1099;0.687205156;+;+;NA;-0.283298226;NA;NA;0.162999741;NA;NA;NA;+;NA;NA;NA;18;-346.2393872;732.7806612;1.624985245;0.037388927;anc
9291;2.073497986;+;+;NA;-0.283297928;NA;NA;0.162999849;NA;NA;NA;+;NA;NA;+;18;-346.2393872;732.7806612;1.624985245;0.037388927;anc
9735;1.967914131;+;+;-0.42792872;NA;NA;NA;NA;NA;NA;0.186069447;+;NA;NA;+;18;-346.4661059;733.2340986;2.078422693;0.029804395;anc
1543;0.581618323;+;+;-0.427927724;NA;NA;NA;NA;NA;NA;0.186069524;+;NA;NA;NA;18;-346.4661059;733.2340986;2.078422694;0.029804395;anc
9819;1.980331151;+;+;NA;-0.279655689;-0.387989479;NA;0.155152974;NA;NA;0.060915556;+;NA;NA;+;20;-343.9474383;733.245195;2.089519102;0.029639492;anc
1627;0.594039119;+;+;NA;-0.279655967;-0.387989649;NA;0.155153466;NA;NA;0.060914827;+;NA;NA;NA;20;-343.9474383;733.245195;2.089519103;0.029639492;anc
9743;2.049835423;+;+;-0.356925366;-0.14310589;NA;NA;NA;NA;NA;0.14990691;+;NA;NA;+;19;-345.2311847;733.272496;2.116820123;0.029237647;anc
1551;0.663538361;+;+;-0.356925228;-0.14310629;NA;NA;NA;NA;NA;0.149907114;+;NA;NA;NA;19;-345.2311847;733.272496;2.116820123;0.029237647;anc
1147;0.658160852;+;+;NA;-0.306209397;-0.380952575;-0.057808259;0.170815553;NA;NA;NA;+;NA;NA;NA;20;-344.1193719;733.5890623;2.433386339;0.024957491;anc
9339;2.04445509;+;+;NA;-0.306210039;-0.380957709;-0.057805448;0.17081581;NA;NA;NA;+;NA;NA;+;20;-344.1193719;733.5890623;2.43338634;0.024957491;anc
5459;0.432483746;+;+;NA;NA;-0.49619054;NA;0.197366894;NA;0.262681435;NA;+;NA;0.048236333;NA;20;-344.2236434;733.7976052;2.64192929;0.022486217;anc
13651;1.8187806;+;+;NA;NA;-0.496190264;NA;0.197367038;NA;0.262681622;NA;+;NA;0.048236245;+;20;-344.2236434;733.7976052;2.641929291;0.022486217;anc
1039;0.795152868;+;+;-0.35926042;-0.186635502;NA;NA;NA;NA;NA;NA;+;NA;NA;NA;18;-346.7859893;733.8738654;2.718189513;0.021644956;anc
9231;2.181451006;+;+;-0.359262977;-0.1866347;NA;NA;NA;NA;NA;NA;+;NA;NA;+;18;-346.7859893;733.8738654;2.718189513;0.021644956;anc
9587;1.84434236;+;+;NA;NA;-0.476084943;-0.086594199;0.195162619;NA;0.284315543;NA;+;NA;NA;+;20;-344.3017685;733.9538554;2.798179518;0.020796349;anc
1395;0.45804749;+;+;NA;NA;-0.476084594;-0.086594431;0.195162565;NA;0.284315435;NA;+;NA;NA;NA;20;-344.3017685;733.9538554;2.798179518;0.020796349;anc
9923;1.830549921;+;+;NA;NA;NA;NA;0.184424424;-0.175121679;NA;0.290096862;+;NA;NA;+;19;-345.6066826;734.0234918;2.867815908;0.020084718;anc
1731;0.444254779;+;+;NA;NA;NA;NA;0.184425751;-0.175122116;NA;0.290095921;+;NA;NA;NA;19;-345.6066826;734.0234918;2.867815911;0.020084718;anc
9323;2.083529599;+;+;NA;-0.295822572;NA;-0.193079339;0.165941218;NA;NA;NA;+;NA;NA;+;19;-345.6315895;734.0733056;2.917629637;0.01959065;anc
1131;0.697235581;+;+;NA;-0.295821888;NA;-0.193078063;0.165941045;NA;NA;NA;+;NA;NA;NA;19;-345.6315895;734.0733056;2.917629637;0.01959065;anc
1491;0.455583845;+;+;NA;NA;-0.515992725;NA;0.194653074;-0.002993435;0.275371718;NA;+;NA;NA;NA;20;-344.4140496;734.1784177;3.022741819;0.01858763;anc
9683;1.841877651;+;+;NA;NA;-0.515995604;NA;0.194653478;-0.002992921;0.275372183;NA;+;NA;NA;+;20;-344.4140496;734.1784177;3.022741819;0.01858763;anc
9803;1.983776968;+;+;NA;-0.250600943;NA;NA;0.140282868;NA;NA;0.092312323;+;NA;NA;+;19;-345.7115967;734.23332;3.077644036;0.018084319;anc
1611;0.597485574;+;+;NA;-0.250602369;NA;NA;0.140282914;NA;NA;0.092312265;+;NA;NA;NA;19;-345.7115967;734.23332;3.077644037;0.018084319;anc
1055;0.746826918;+;+;-0.31078491;-0.207228065;-0.288993289;NA;NA;NA;NA;NA;+;NA;NA;NA;19;-345.7736593;734.3574452;3.201769275;0.016996077;anc
9247;2.133118901;+;+;-0.310785384;-0.207228357;-0.288995087;NA;NA;NA;NA;NA;+;NA;NA;+;19;-345.7736593;734.3574452;3.201769276;0.016996077;anc
9759;2.020333181;+;+;-0.317367231;-0.163655445;-0.244086812;NA;NA;NA;NA;0.134380318;+;NA;NA;+;20;-344.5493295;734.4489776;3.293301646;0.016235763;anc
1567;0.634037793;+;+;-0.317367098;-0.163655809;-0.244084662;NA;NA;NA;NA;0.134380646;+;NA;NA;NA;20;-344.5493295;734.4489776;3.293301646;0.016235763;anc
9751;1.937824891;+;+;-0.405242276;NA;-0.178346188;NA;NA;NA;NA;0.179193956;+;NA;NA;+;19;-346.0990302;735.0081871;3.852511153;0.012275576;anc
1559;0.551529629;+;+;-0.405240799;NA;-0.178345578;NA;NA;NA;NA;0.179194172;+;NA;NA;NA;19;-346.0990302;735.0081871;3.852511153;0.012275576;anc
1747;0.420361683;+;+;NA;NA;-0.276029191;NA;0.187653712;-0.169102478;NA;0.272246312;+;NA;NA;NA;20;-344.867385;735.0850885;3.929412614;0.011812531;anc
9939;1.806647538;+;+;NA;NA;-0.276032002;NA;0.187654297;-0.169103796;NA;0.272248117;+;NA;NA;+;20;-344.867385;735.0850885;3.929412621;0.011812531;anc
11;0.214165491;+;+;NA;-0.28362284;NA;NA;NA;NA;NA;NA;NA;NA;NA;NA;9;-289.1972774;597.4788922;0;0.084601535;ancad
8203;1.600460057;+;+;NA;-0.283622859;NA;NA;NA;NA;NA;NA;NA;NA;NA;+;9;-289.1972774;597.4788922;5.35E-11;0.084601535;ancad
27;0.214333904;+;+;NA;-0.292043909;-0.268210954;NA;NA;NA;NA;NA;NA;NA;NA;NA;10;-288.228647;597.7906274;0.311735209;0.072391204;ancad
8219;1.600628222;+;+;NA;-0.29204408;-0.268210986;NA;NA;NA;NA;NA;NA;NA;NA;+;10;-288.228647;597.7906274;0.311735209;0.072391204;ancad
8235;1.616080417;+;+;NA;-0.299397283;NA;-0.217183224;NA;NA;NA;NA;NA;NA;NA;+;10;-288.2399515;597.8132363;0.334344144;0.071577468;ancad
43;0.229785883;+;+;NA;-0.299397412;NA;-0.217183179;NA;NA;NA;NA;NA;NA;NA;NA;10;-288.2399515;597.8132363;0.334344144;0.071577468;ancad
59;0.226510623;+;+;NA;-0.301051512;-0.185477643;-0.148485803;NA;NA;NA;NA;NA;NA;NA;NA;11;-287.8410487;599.2918534;1.812961257;0.034174227;ancad
8251;1.612805093;+;+;NA;-0.301051599;-0.185477315;-0.148486162;NA;NA;NA;NA;NA;NA;NA;+;11;-287.8410487;599.2918535;1.812961257;0.034174227;ancad
523;0.182774833;+;+;NA;-0.274524624;NA;NA;NA;NA;NA;0.037348281;NA;NA;NA;NA;10;-289.1098186;599.5529705;2.074078334;0.029991477;ancad
8715;1.569068884;+;+;NA;-0.274524317;NA;NA;NA;NA;NA;0.037348162;NA;NA;NA;+;10;-289.1098186;599.5529705;2.074078334;0.029991477;ancad
8207;1.595339974;+;+;0.011351421;-0.285959003;NA;NA;NA;NA;NA;NA;NA;NA;NA;+;10;-289.1948535;599.7230404;2.244148204;0.027546578;ancad
15;0.209043956;+;+;0.011352727;-0.285958678;NA;NA;NA;NA;NA;NA;NA;NA;NA;NA;10;-289.1948535;599.7230404;2.244148205;0.027546578;ancad
75;0.214008707;+;+;NA;-0.283586156;NA;NA;-0.000313786;NA;NA;NA;NA;NA;NA;NA;10;-289.197265;599.7278634;2.248971164;0.02748023;ancad
8267;1.600302407;+;+;NA;-0.283586044;NA;NA;-0.000313449;NA;NA;NA;NA;NA;NA;+;10;-289.197265;599.7278634;2.248971164;0.02748023;ancad
31;0.189799129;+;+;0.054988559;-0.303609902;-0.280618057;NA;NA;NA;NA;NA;NA;NA;NA;NA;11;-288.1732522;599.9562606;2.477368364;0.024514584;ancad
8223;1.576093372;+;+;0.054987044;-0.303609469;-0.28061819;NA;NA;NA;NA;NA;NA;NA;NA;+;11;-288.1732522;599.9562606;2.477368364;0.024514584;ancad
47;0.215085606;+;+;0.033462985;-0.306638633;NA;-0.220734598;NA;NA;NA;NA;NA;NA;NA;NA;11;-288.2190183;600.0477928;2.5689006;0.023417933;ancad
8239;1.6013807;+;+;0.033463249;-0.306638993;NA;-0.220733875;NA;NA;NA;NA;NA;NA;NA;+;11;-288.2190183;600.0477928;2.5689006;0.023417933;ancad
8731;1.591077722;+;+;NA;-0.28903142;-0.263398254;NA;NA;NA;NA;0.011043908;NA;NA;NA;+;11;-288.2212501;600.0522563;2.573364108;0.023365728;ancad
539;0.204783198;+;+;NA;-0.289031425;-0.263398373;NA;NA;NA;NA;0.011043943;NA;NA;NA;NA;11;-288.2212501;600.0522563;2.573364108;0.023365728;ancad
8283;1.603737632;+;+;NA;-0.292798592;-0.269985734;NA;0.006554143;NA;NA;NA;NA;NA;NA;+;11;-288.2231066;600.0559692;2.577077044;0.023322391;ancad
91;0.217442965;+;+;NA;-0.29279862;-0.269985706;NA;0.006554056;NA;NA;NA;NA;NA;NA;NA;11;-288.2231066;600.0559692;2.577077044;0.023322391;ancad
8747;1.605374597;+;+;NA;-0.295992364;NA;-0.213074262;NA;NA;NA;0.012139668;NA;NA;NA;+;11;-288.2309976;600.0717514;2.59285917;0.023139077;ancad
555;0.219080703;+;+;NA;-0.295992685;NA;-0.213074702;NA;NA;NA;0.012139559;NA;NA;NA;NA;11;-288.2309976;600.0717514;2.59285917;0.023139077;ancad
107;0.231327798;+;+;NA;-0.299725311;NA;-0.217560077;0.003152314;NA;NA;NA;NA;NA;NA;NA;11;-288.238662;600.08708;2.608187846;0.022962409;ancad
8299;1.617621832;+;+;NA;-0.299725304;NA;-0.217559896;0.003152234;NA;NA;NA;NA;NA;NA;+;11;-288.238662;600.08708;2.608187846;0.022962409;ancad
8255;1.586678832;+;+;0.059383837;-0.313900086;-0.197982426;-0.150174053;NA;NA;NA;NA;NA;NA;NA;+;12;-287.7766789;601.4674683;3.988576109;0.011515159;ancad
63;0.200383947;+;+;0.059384591;-0.313900425;-0.197982881;-0.150173963;NA;NA;NA;NA;NA;NA;NA;NA;12;-287.7766789;601.4674683;3.98857611;0.011515159;ancad
54591;1.064324461;+;+;NA;NA;0.466060517;NA;0.580138747;NA;0.143252811;NA;+;NA;0.43016626;NA;20;-534.9308216;1115.246259;0;0.107800871;endo
136511;2.450630951;+;+;NA;NA;0.466060596;NA;0.580139244;NA;0.143254143;NA;+;NA;0.430165132;+;20;-534.9308216;1115.246259;6.43E-09;0.10780087;endo
5443;1.070504855;+;+;NA;NA;NA;NA;0.58431216;NA;0.1535311;NA;+;NA;0.423419231;NA;19;-536.2667571;1115.374279;0.128019977;0.101116746;endo
13635;2.45679501;+;+;NA;NA;NA;NA;0.584312552;NA;0.15353056;NA;+;NA;0.423420306;+;19;-536.2667571;1115.374279;0.128019978;0.101116746;endo
5587;1.139229086;+;+;NA;NA;0.480842757;NA;0.614980472;-0.064649987;0.113316864;NA;+;NA;0.425431884;NA;21;-534.0526324;1116.066555;0.820296504;0.071531469;endo
13779;2.525527561;+;+;NA;NA;0.480838518;NA;0.614980583;-0.064650438;0.113317015;NA;+;NA;0.42543164;+;21;-534.0526324;1116.066555;0.820296505;0.071531469;endo
5571;1.142224954;+;+;NA;NA;NA;NA;0.618036315;-0.062834475;0.124206874;NA;+;NA;0.419018325;NA;20;-535.4411302;1116.266876;1.020617171;0.064713973;endo
13763;2.528516085;+;+;NA;NA;NA;NA;0.618035733;-0.062834963;0.124207013;NA;+;NA;0.419017279;+;20;-535.4411302;1116.266876;1.020617183;0.064713973;endo
13667;2.457381183;+;+;NA;NA;NA;0.133783023;0.582016089;NA;0.151142385;NA;+;NA;0.422844774;+;20;-536.1508521;1117.68632;2.44006105;0.031825098;endo
5475;1.071082095;+;+;NA;NA;NA;0.133784624;0.58201664;NA;0.151143375;NA;+;NA;0.422843601;NA;20;-536.1508521;1117.68632;2.440061052;0.031825098;endo
13683;2.450455908;+;+;NA;NA;0.471854582;-0.016092921;0.580383712;NA;0.143442051;NA;+;NA;0.430317487;+;21;-534.9291807;1117.819652;2.573393108;0.02977262;endo
5491;1.064163597;+;+;NA;NA;0.471857741;-0.01610037;0.580384242;NA;0.143442474;NA;+;NA;0.430317329;NA;21;-534.9291807;1117.819652;2.573393112;0.02977262;endo
15859;2.436534262;+;+;NA;NA;0.540600487;-0.341856749;0.675531607;-0.114863118;0.093929591;NA;+;0.326394887;0.458179059;+;23;-532.3418458;1117.899378;2.653119368;0.028609134;endo
7667;1.050240721;+;+;NA;NA;0.540621606;-0.341866601;0.67553224;-0.114863807;0.093928663;NA;+;0.326396861;0.458179767;NA;23;-532.3418459;1117.899378;2.653119381;0.028609134;endo
7651;1.055054196;+;+;NA;NA;NA;-0.158285505;0.673295479;-0.110281066;0.103320523;NA;+;0.314129891;0.449721584;NA;22;-533.7805462;1118.132521;2.886262333;0.025461171;endo
15843;2.441363263;+;+;NA;NA;NA;-0.158288646;0.673294254;-0.110280474;0.103321091;NA;+;0.314128355;0.449721456;+;22;-533.7805462;1118.132521;2.886262333;0.025461171;endo
13795;2.528158715;+;+;NA;NA;NA;0.123451362;0.615553831;-0.062083372;0.122444049;NA;+;NA;0.418503768;+;21;-535.3453787;1118.652048;3.40578913;0.019636521;endo
5603;1.141867259;+;+;NA;NA;NA;0.123462895;0.615553463;-0.062082917;0.122443881;NA;+;NA;0.418504336;NA;21;-535.3453787;1118.652048;3.405789131;0.019636521;endo
5619;1.139236803;+;+;NA;NA;0.493036253;-0.033859931;0.615635445;-0.064915831;0.113577195;NA;+;NA;0.425735892;NA;22;-534.0456263;1118.662681;3.416422505;0.019532397;endo
13811;2.525530213;+;+;NA;NA;0.493040141;-0.033862029;0.615635623;-0.064915572;0.113578941;NA;+;NA;0.42573406;+;22;-534.0456263;1118.662681;3.416422509;0.019532397;endo
137631;1.604820274;+;+;NA;NA;NA;NA;0.30244573;0.123511731;0.272180924;NA;+;NA;0.376918268;+;20;-361.9049706;769.2644867;0;0.094784938;endad
55711;0.218522895;+;+;NA;NA;NA;NA;0.302444808;0.123511901;0.272180688;NA;+;NA;0.376919096;NA;20;-361.9049706;769.2644867;1.68E-09;0.094784938;endad
7523;0.152247592;+;+;NA;NA;NA;-0.499111732;0.426106086;NA;0.23735151;NA;+;0.489504624;0.412451505;NA;21;-360.725695;769.4906057;0.226118955;0.084652195;endad
15715;1.538544868;+;+;NA;NA;NA;-0.499109416;0.426105899;NA;0.237351728;NA;+;0.489502892;0.412451145;+;21;-360.725695;769.4906057;0.226118955;0.084652195;endad
7539;0.130393047;+;+;NA;NA;0.411520207;-0.638308575;0.427058559;NA;0.223330162;NA;+;0.500410757;0.426361235;NA;22;-359.6265073;769.9109094;0.646422643;0.068607317;endad
15731;1.516690272;+;+;NA;NA;0.411521428;-0.638308541;0.427058394;NA;0.223329874;NA;+;0.500410041;0.42636155;+;22;-359.6265073;769.9109094;0.646422644;0.068607317;endad
55871;0.204561387;+;+;NA;NA;0.290142747;NA;0.300528835;0.121610095;0.2552079;NA;+;NA;0.386476361;NA;21;-361.2110804;770.4613764;1.196889686;0.052100038;endad
137791;1.590862734;+;+;NA;NA;0.290145887;NA;0.30053047;0.121609514;0.25520791;NA;+;NA;0.386476621;+;21;-361.2110804;770.4613764;1.196889688;0.052100038;endad
54431;0.375327411;+;+;NA;NA;NA;NA;0.362176173;NA;0.220959779;NA;+;NA;0.365588798;NA;19;-363.8163314;770.5358887;1.271401966;0.050194704;endad
136351;1.76162437;+;+;NA;NA;NA;NA;0.362176387;NA;0.220960405;NA;+;NA;0.365587997;+;19;-363.8163314;770.5358887;1.271401967;0.050194704;endad
76511;0.110275669;+;+;NA;NA;NA;-0.402220266;0.379446329;0.067934108;0.26268339;NA;+;0.392975451;0.409980135;NA;22;-360.2620976;771.1820899;1.917603153;0.036335998;endad
158431;1.496566729;+;+;NA;NA;NA;-0.402216544;0.379445832;0.067934511;0.262683129;NA;+;0.39297344;0.409980669;+;22;-360.2620976;771.1820899;1.917603154;0.036335998;endad
54592;0.36131022;+;+;NA;NA;0.302799231;NA;0.359881748;NA;0.204899837;NA;+;NA;0.375161881;NA;20;-363.0659456;771.5864366;2.321949827;0.029684814;endad
136512;1.747601358;+;+;NA;NA;0.302801219;NA;0.359881235;NA;0.204899144;NA;+;NA;0.37516251;+;20;-363.0659456;771.5864366;2.321949829;0.029684814;endad
158591;1.476999685;+;+;NA;NA;0.389903422;-0.543322739;0.384366812;0.061749184;0.246273751;NA;+;0.41281235;0.424156548;+;23;-359.2438129;771.7988841;2.53439737;0.026693279;endad
76671;0.090710988;+;+;NA;NA;0.389887844;-0.543308143;0.384366769;0.06175027;0.246275619;NA;+;0.412810138;0.424155167;NA;23;-359.2438129;771.7988841;2.534397371;0.026693279;endad
137951;1.605439536;+;+;NA;NA;NA;-0.027091516;0.303269472;0.123300662;0.273441246;NA;+;NA;0.377084668;+;21;-361.8976763;771.8345683;2.570081539;0.026221239;endad
56031;0.219139802;+;+;NA;NA;NA;-0.027093044;0.303269378;0.123300849;0.273441387;NA;+;NA;0.377084192;NA;21;-361.8976763;771.8345683;2.570081539;0.026221239;endad
56191;0.20434842;+;+;NA;NA;0.340250461;-0.13349635;0.304323794;0.120213113;0.258438267;NA;+;NA;0.389029736;NA;22;-361.0521826;772.7622598;3.497773109;0.016489502;endad
138111;1.590640465;+;+;NA;NA;0.340250567;-0.133499271;0.304325042;0.120212701;0.25843863;NA;+;NA;0.389029151;+;22;-361.0521826;772.7622598;3.49777311;0.016489502;endad
54751;0.375976828;+;+;NA;NA;NA;-0.039677541;0.363228465;NA;0.222876437;NA;+;NA;0.365894626;NA;20;-363.8008089;773.0561633;3.791676594;0.014235975;endad
136671;1.762270322;+;+;NA;NA;NA;-0.039677286;0.363228838;NA;0.222876186;NA;+;NA;0.365895237;+;20;-363.8008089;773.0561633;3.791676594;0.014235975;endad
99231;3.182653294;+;+;NA;NA;NA;NA;0.49149137;-0.31360811;NA;0.38776721;+;NA;NA;+;19;-637.2130085;1317.266781;0;0.280141205;N
17311;1.796354522;+;+;NA;NA;NA;NA;0.491490898;-0.313607667;NA;0.387767248;+;NA;NA;NA;19;-637.2130085;1317.266781;6.37E-09;0.280141204;N
17471;1.8054275;+;+;NA;NA;0.229826855;NA;0.491038917;-0.314323463;NA;0.39030883;+;NA;NA;NA;20;-636.6991355;1318.782886;1.516105198;0.131268019;N
99391;3.191730466;+;+;NA;NA;0.229840645;NA;0.491038805;-0.314323409;NA;0.390308859;+;NA;NA;+;20;-636.6991355;1318.782886;1.516105204;0.131268019;N
1763;1.796005692;+;+;NA;NA;NA;0.108300331;0.490095673;-0.313000724;NA;0.388587417;+;NA;NA;NA;20;-637.092349;1319.569313;2.302532049;0.088590777;N
9955;3.182299551;+;+;NA;NA;NA;0.108292109;0.490095776;-0.313000533;NA;0.388587173;+;NA;NA;+;20;-637.092349;1319.569313;2.302532052;0.088590777;N
93071;-6.168771434;+;+;NA;-0.362726536;-0.640407874;NA;0.294777284;NA;NA;NA;+;NA;NA;+;19;-183.979019;410.9253582;0;0.062654639;anc.juv
11151;-7.458427779;+;+;NA;-0.362725438;-0.640406719;NA;0.294776426;NA;NA;NA;+;NA;NA;NA;19;-183.979019;410.9253583;8.47E-08;0.062654636;anc.juv
92911;-6.24948297;+;+;NA;-0.254146732;NA;NA;0.278128492;NA;NA;NA;+;NA;NA;+;18;-185.7521081;411.9457746;1.020416326;0.037616002;anc.juv
10991;-7.498083611;+;+;NA;-0.254146791;NA;NA;0.278126672;NA;NA;NA;+;NA;NA;NA;18;-185.7521081;411.9457747;1.020416433;0.037616;anc.juv
9243;-6.277402283;+;+;NA;-0.31003728;-0.603848533;NA;NA;NA;NA;NA;+;NA;NA;+;18;-185.9102438;412.262046;1.336687786;0.032114056;anc.juv
1051;-7.526315438;+;+;NA;-0.310037173;-0.603847632;NA;NA;NA;NA;NA;+;NA;NA;NA;18;-185.9102438;412.2620461;1.336687887;0.032114055;anc.juv
9283;-6.445800267;+;+;NA;NA;NA;NA;0.248379514;NA;NA;NA;+;NA;NA;+;17;-187.3367252;412.6218375;1.6964793;0.026826711;anc.juv
1091;-7.69890867;+;+;NA;NA;NA;NA;0.248378852;NA;NA;NA;+;NA;NA;NA;17;-187.3367253;412.6218376;1.696479398;0.02682671;anc.juv
95551;-6.395947639;+;+;NA;NA;-0.57566263;NA;0.294141166;NA;0.251111938;NA;+;NA;NA;+;19;-184.9361804;412.839681;1.914322745;0.024058211;anc.juv
13631;-7.660503777;+;+;NA;NA;-0.575606113;NA;0.294104599;NA;0.251079153;NA;+;NA;NA;NA;19;-184.9366181;412.8405565;1.915198285;0.024047681;anc.juv
9227;-6.337172002;+;+;NA;-0.222621161;NA;NA;NA;NA;NA;NA;+;NA;NA;+;17;-187.5052619;412.9589109;2.033552701;0.022665895;anc.juv
1035;-7.570192342;+;+;NA;-0.222620754;NA;NA;NA;NA;NA;NA;+;NA;NA;NA;17;-187.505262;412.958911;2.033552806;0.022665894;anc.juv
9219;-6.495648983;+;+;NA;NA;NA;NA;NA;NA;NA;NA;+;NA;NA;+;16;-188.807417;413.1020136;2.176655341;0.021100781;anc.juv
1027;-7.723109096;+;+;NA;NA;NA;NA;NA;NA;NA;NA;+;NA;NA;NA;16;-188.8074171;413.1020137;2.176655459;0.02110078;anc.juv
9539;-6.420223057;+;+;NA;NA;NA;NA;0.282528527;NA;0.179057471;NA;+;NA;NA;+;18;-186.3757033;413.192965;2.267606762;0.020162699;anc.juv
1347;-7.665108001;+;+;NA;NA;NA;NA;0.28252896;NA;0.179057528;NA;+;NA;NA;NA;18;-186.3757033;413.1929651;2.267606873;0.020162698;anc.juv
9731;-6.673829615;+;+;NA;NA;NA;NA;NA;NA;NA;0.305901643;+;NA;NA;+;17;-187.6566;413.2615872;2.336228936;0.019482629;anc.juv
1539;-7.914817037;+;+;NA;NA;NA;NA;NA;NA;NA;0.30590081;+;NA;NA;NA;17;-187.6566001;413.2615873;2.33622904;0.019482628;anc.juv
93391;-6.178839388;+;+;NA;-0.36017853;-0.687635392;0.073111275;0.296880244;NA;NA;NA;+;NA;NA;+;20;-183.9381362;413.4025881;2.477229859;0.018156394;anc.juv
11471;-7.461575131;+;+;NA;-0.360178212;-0.687636062;0.073111733;0.296879781;NA;NA;NA;+;NA;NA;NA;20;-183.9381362;413.4025882;2.477229947;0.018156393;anc.juv
98191;-6.155022226;+;+;NA;-0.351040146;-0.635009514;NA;0.288303367;NA;NA;0.030808262;+;NA;NA;+;20;-183.9699198;413.4661555;2.540797241;0.017588391;anc.juv
16271;-7.473396547;+;+;NA;-0.351040411;-0.635010067;NA;0.288303566;NA;NA;0.030808533;+;NA;NA;NA;20;-183.9699199;413.4661555;2.540797316;0.017588391;anc.juv
9299;-6.429395372;+;+;NA;NA;-0.398176836;NA;0.245508151;NA;NA;NA;+;NA;NA;+;18;-186.6297769;413.7011122;2.775753984;0.015638889;anc.juv
1107;-7.673119078;+;+;NA;NA;-0.398177268;NA;0.245507924;NA;NA;NA;+;NA;NA;NA;18;-186.6297769;413.7011123;2.775754097;0.015638889;anc.juv
9223;-6.255012696;+;+;-0.371704193;NA;NA;NA;NA;NA;NA;NA;+;NA;NA;+;17;-187.8862628;413.7209127;2.795554469;0.015484825;anc.juv
1031;-7.491975916;+;+;-0.371703655;NA;NA;NA;NA;NA;NA;NA;+;NA;NA;NA;17;-187.8862629;413.7209128;2.79555458;0.015484824;anc.juv
9795;-6.563583726;+;+;NA;NA;NA;NA;0.210349481;NA;NA;0.242544006;+;NA;NA;+;18;-186.6756249;413.7928083;2.867450028;0.014938066;anc.juv
1603;-7.813408193;+;+;NA;NA;NA;NA;0.210348629;NA;NA;0.242546387;+;NA;NA;NA;18;-186.675625;413.7928084;2.867450136;0.014938065;anc.juv
9235;-6.489490639;+;+;NA;NA;-0.409835168;NA;NA;NA;NA;NA;+;NA;NA;+;17;-188.07021;414.088807;3.163448784;0.012883061;anc.juv
1043;-7.720547116;+;+;NA;NA;-0.40983548;NA;NA;NA;NA;NA;+;NA;NA;NA;17;-188.07021;414.0888071;3.163448895;0.01288306;anc.juv
93231;-6.245681834;+;+;NA;-0.271058726;NA;-0.148797901;0.276770807;NA;NA;NA;+;NA;NA;+;19;-185.5857874;414.1388951;3.213536868;0.012564423;anc.juv
11311;-7.488492594;+;+;NA;-0.27105774;NA;-0.148797986;0.276770594;NA;NA;NA;+;NA;NA;NA;19;-185.5857875;414.1388952;3.213536981;0.012564423;anc.juv
9747;-6.70305835;+;+;NA;NA;-0.430615914;NA;NA;NA;NA;0.310123351;+;NA;NA;+;18;-186.8649503;414.171459;3.246100808;0.012361506;anc.juv
1555;-7.930431612;+;+;NA;NA;-0.430615827;NA;NA;NA;NA;0.310123385;+;NA;NA;NA;18;-186.8649504;414.1714592;3.246100925;0.012361506;anc.juv
9755;-6.403612343;+;+;NA;-0.258833953;-0.581424106;NA;NA;NA;NA;0.157538475;+;NA;NA;+;19;-185.6460276;414.2593754;3.334017143;0.011829887;anc.juv
1563;-7.665341871;+;+;NA;-0.258835009;-0.581427749;NA;NA;NA;NA;0.157538434;+;NA;NA;NA;19;-185.6460276;414.2593755;3.334017242;0.011829887;anc.juv
98031;-6.276900048;+;+;NA;-0.226130854;NA;NA;0.259890352;NA;NA;0.088161065;+;NA;NA;+;19;-185.681268;414.3298562;3.404497992;0.011420257;anc.juv
16111;-7.534978625;+;+;NA;-0.226131072;NA;NA;0.25989026;NA;NA;0.088160685;+;NA;NA;NA;19;-185.681268;414.3298563;3.404498105;0.011420257;anc.juv
9491;-6.478388911;+;+;NA;NA;-0.54887131;NA;NA;NA;0.200950049;NA;+;NA;NA;+;18;-186.9534505;414.3484594;3.423101185;0.011314523;anc.juv
1299;-7.719128859;+;+;NA;NA;-0.548870802;NA;NA;NA;0.200949895;NA;+;NA;NA;NA;18;-186.9534505;414.3484595;3.423101287;0.011314522;anc.juv
9475;-6.485359383;+;+;NA;NA;NA;NA;NA;NA;0.137233369;NA;+;NA;NA;+;17;-188.2325323;414.4134518;3.488093529;0.010952754;anc.juv
1283;-7.725788766;+;+;NA;NA;NA;NA;NA;NA;0.1372335;NA;+;NA;NA;NA;17;-188.2325324;414.4134519;3.488093633;0.010952754;anc.juv
97351;-6.417449965;+;+;-0.320622426;NA;NA;NA;NA;NA;NA;0.268648448;+;NA;NA;+;18;-187.0030435;414.4476455;3.522287243;0.010767088;anc.juv
15431;-7.666832089;+;+;-0.320622202;NA;NA;NA;NA;NA;NA;0.268648126;+;NA;NA;NA;18;-187.0030436;414.4476456;3.522287357;0.010767088;anc.juv
9739;-6.49096059;+;+;NA;-0.165057338;NA;NA;NA;NA;NA;0.204629189;+;NA;NA;+;18;-187.069336;414.5802304;3.654872168;0.010076456;anc.juv
1547;-7.72568512;+;+;NA;-0.165057504;NA;NA;NA;NA;NA;0.204629719;+;NA;NA;NA;18;-187.069336;414.5802305;3.654872281;0.010076456;anc.juv
92311;-6.178214471;+;+;-0.273440277;-0.185515468;NA;NA;NA;NA;NA;NA;+;NA;NA;+;18;-187.0748008;414.5911601;3.665801905;0.01002154;anc.juv
10391;-7.423102938;+;+;-0.273441397;-0.185515681;NA;NA;NA;NA;NA;NA;+;NA;NA;NA;18;-187.0748009;414.5911602;3.665802007;0.010021539;anc.juv
92471;-6.201017893;+;+;-0.131210022;-0.287914651;-0.555348504;NA;NA;NA;NA;NA;+;NA;NA;+;19;-185.818108;414.6035362;3.678178;0.009959718;anc.juv
10551;-7.455116546;+;+;-0.131211181;-0.28791352;-0.555347118;NA;NA;NA;NA;NA;+;NA;NA;NA;19;-185.818108;414.6035363;3.6781781;0.009959717;anc.juv
9275;-6.281454535;+;+;NA;-0.30722679;-0.636518085;0.051517559;NA;NA;NA;NA;+;NA;NA;+;19;-185.8910455;414.7494113;3.824053034;0.00925914;anc.juv
1083;-7.533522139;+;+;NA;-0.307227056;-0.63651715;0.051517019;NA;NA;NA;NA;+;NA;NA;NA;19;-185.8910456;414.7494114;3.824053136;0.00925914;anc.juv
9811;-6.569788509;+;+;NA;NA;-0.420107437;NA;0.208007663;NA;NA;0.251642153;+;NA;NA;+;19;-185.8986148;414.7645498;3.839191577;0.00918932;anc.juv
1619;-7.828799881;+;+;NA;NA;-0.420107569;NA;0.208008;NA;NA;0.251641869;+;NA;NA;NA;19;-185.8986148;414.7645499;3.839191681;0.009189319;anc.juv
96831;-6.517012784;+;+;NA;NA;-0.60066158;NA;0.2572189;0.104139441;0.306329808;NA;+;NA;NA;+;20;-184.649153;414.8246217;3.899263469;0.008917414;anc.juv
14911;-7.800676112;+;+;NA;NA;-0.600660496;NA;0.257218563;0.104139394;0.306329684;NA;+;NA;NA;NA;20;-184.649153;414.8246218;3.899263559;0.008917414;anc.juv
17312;0.429907561;+;+;NA;NA;NA;NA;0.99203368;-0.559360338;NA;0.461602756;+;NA;NA;NA;19;-409.0703055;860.9507376;0;0.167096711;endo.juv
99232;1.816204071;+;+;NA;NA;NA;NA;0.992034071;-0.559360761;NA;0.461602998;+;NA;NA;+;19;-409.0703055;860.9507376;3.28E-10;0.167096711;endo.juv
17472;0.433134407;+;+;NA;NA;0.60397511;NA;0.985576015;-0.558765328;NA;0.469189893;+;NA;NA;NA;20;-407.9355236;861.2213656;0.270628073;0.145949215;endo.juv
99392;1.819433159;+;+;NA;NA;0.60397313;NA;0.985576642;-0.558765947;NA;0.469189883;+;NA;NA;+;20;-407.9355236;861.2213657;0.270628073;0.145949215;endo.juv
99551;1.808977622;+;+;NA;NA;NA;0.357675196;0.978790364;-0.552450066;NA;0.464469454;+;NA;NA;+;20;-408.6493054;862.6489292;1.698191635;0.071484235;endo.juv
17631;0.42268467;+;+;NA;NA;NA;0.357679601;0.978791567;-0.552450846;NA;0.464469386;+;NA;NA;NA;20;-408.6493054;862.6489292;1.698191635;0.071484235;endo.juv
9971;1.815164167;+;+;NA;NA;0.53519222;0.186925356;0.979161706;-0.555167191;NA;0.470062695;+;NA;NA;+;21;-407.8300234;863.5831238;2.632386242;0.044807684;endo.juv
1779;0.428869087;+;+;NA;NA;0.535188318;0.186929092;0.979162288;-0.555167218;NA;0.47006222;+;NA;NA;NA;21;-407.8300234;863.5831238;2.632386243;0.044807684;endo.juv
137632;1.786243506;+;+;NA;NA;NA;NA;1.005004504;-0.293463049;0.124545277;NA;+;NA;0.493893337;+;20;-409.1829217;863.716162;2.765424381;0.041924088;endo.juv
55712;0.399957829;+;+;NA;NA;NA;NA;1.005002535;-0.293462588;0.124544468;NA;+;NA;0.493893829;NA;20;-409.1829217;863.716162;2.765424385;0.041924088;endo.juv
137792;1.777738255;+;+;NA;NA;0.485738771;NA;0.999634141;-0.295521645;0.106027135;NA;+;NA;0.505315291;+;21;-408.2741804;864.4714378;3.520700239;0.028738067;endo.juv
55872;0.391437846;+;+;NA;NA;0.485744089;NA;0.99963503;-0.295522199;0.106027078;NA;+;NA;0.505314818;NA;21;-408.2741805;864.4714378;3.520700249;0.028738067;endo.juv
99233;2.208072449;+;+;NA;NA;NA;NA;0.833437955;-0.53886393;NA;0.471240747;+;NA;NA;+;19;-473.6528622;990.1158511;0;0.238999516;juv
17313;0.821779722;+;+;NA;NA;NA;NA;0.833437815;-0.538864033;NA;0.471240254;+;NA;NA;NA;19;-473.6528622;990.1158511;2.44E-09;0.238999516;juv
99393;2.219752694;+;+;NA;NA;0.339473882;NA;0.832118983;-0.539967026;NA;0.476242088;+;NA;NA;+;20;-473.0718319;991.4939822;1.378131152;0.119988506;juv
17473;0.833464172;+;+;NA;NA;0.339469485;NA;0.832119063;-0.539966927;NA;0.476241662;+;NA;NA;NA;20;-473.0718319;991.4939822;1.378131153;0.119988505;juv
17632;0.817404181;+;+;NA;NA;NA;0.275629516;0.826842542;-0.535682979;NA;0.474225542;+;NA;NA;NA;20;-473.237639;991.8255964;1.709745314;0.101655421;juv
99552;2.203705136;+;+;NA;NA;NA;0.275624732;0.82684162;-0.535682334;NA;0.474224881;+;NA;NA;+;20;-473.237639;991.8255964;1.709745314;0.101655421;juv
17791;0.828251761;+;+;NA;NA;0.270714076;0.187355031;0.827883987;-0.537621039;NA;0.477404689;+;NA;NA;NA;21;-472.900186;993.7234489;3.607597848;0.039356557;juv
99711;2.214546505;+;+;NA;NA;0.270726399;0.187349634;0.827884348;-0.53762108;NA;0.477404602;+;NA;NA;+;21;-472.900186;993.7234489;3.607597848;0.039356557;juv
1;1.575447213;+;NA;NA;NA;NA;NA;NA;NA;NA;NA;NA;NA;NA;NA;7;-230.6020075;475.8746737;0;0.222348248;anc.bm
8193;2.961741574;+;NA;NA;NA;NA;NA;NA;NA;NA;NA;NA;NA;NA;+;7;-230.6020075;475.8746737;1.14E-13;0.222348248;anc.bm
65;1.576243271;+;NA;NA;NA;NA;NA;0.137739992;NA;NA;NA;NA;NA;NA;NA;8;-230.772483;478.412436;2.537762241;0.062512324;anc.bm
8257;2.962537632;+;NA;NA;NA;NA;NA;0.137739992;NA;NA;NA;NA;NA;NA;+;8;-230.772483;478.412436;2.537762241;0.062512324;anc.bm
9;1.707639688;+;NA;NA;-0.133554809;NA;NA;NA;NA;NA;NA;NA;NA;NA;NA;8;-230.8050793;478.4776285;2.602954754;0.060507508;anc.bm
8201;3.093934049;+;NA;NA;-0.133554809;NA;NA;NA;NA;NA;NA;NA;NA;NA;+;8;-230.8050793;478.4776285;2.602954754;0.060507508;anc.bm
8449;2.964204366;+;NA;NA;NA;NA;NA;NA;NA;0.142254694;NA;NA;NA;NA;+;8;-230.9909148;478.8492995;2.974625749;0.050246051;anc.bm
257;1.577910005;+;NA;NA;NA;NA;NA;NA;NA;0.142254694;NA;NA;NA;NA;NA;8;-230.9909148;478.8492995;2.974625749;0.050246051;anc.bm
5;1.579207109;+;NA;-0.098617494;NA;NA;NA;NA;NA;NA;NA;NA;NA;NA;NA;8;-231.3326208;479.5327116;3.65803782;0.035702686;anc.bm
8197;2.96550147;+;NA;-0.098617493;NA;NA;NA;NA;NA;NA;NA;NA;NA;NA;+;8;-231.3326208;479.5327116;3.65803782;0.035702686;anc.bm
17;1.575474481;+;NA;NA;NA;-0.002120111;NA;NA;NA;NA;NA;NA;NA;NA;NA;8;-231.3514885;479.5704469;3.695773172;0.035035375;anc.bm
8209;2.961768842;+;NA;NA;NA;-0.002120112;NA;NA;NA;NA;NA;NA;NA;NA;+;8;-231.3514885;479.5704469;3.695773172;0.035035375;anc.bm
33;1.575483599;+;NA;NA;NA;NA;0.002332382;NA;NA;NA;NA;NA;NA;NA;NA;8;-231.3918988;479.6512676;3.776593842;0.033647808;anc.bm
8225;2.96177796;+;NA;NA;NA;NA;0.002332382;NA;NA;NA;NA;NA;NA;NA;+;8;-231.3918988;479.6512676;3.776593842;0.033647808;anc.bm
12;1.496512424;+;NA;NA;NA;NA;NA;NA;NA;NA;NA;NA;NA;NA;NA;7;-235.1129994;484.8966575;0;0.125500894;ancad.bm
81931;2.882806785;+;NA;NA;NA;NA;NA;NA;NA;NA;NA;NA;NA;NA;+;7;-235.1129994;484.8966575;2.27E-13;0.125500894;ancad.bm
13;1.720533505;+;NA;-0.17917538;-0.219424531;NA;NA;NA;NA;NA;NA;NA;NA;NA;NA;9;-233.392121;485.875151;0.978493533;0.076943095;ancad.bm
8205;3.106827866;+;NA;-0.17917538;-0.219424531;NA;NA;NA;NA;NA;NA;NA;NA;NA;+;9;-233.392121;485.875151;0.978493533;0.076943095;ancad.bm
82011;3.042621608;+;NA;NA;-0.161452752;NA;NA;NA;NA;NA;NA;NA;NA;NA;+;8;-234.7344665;486.3364028;1.439745328;0.061095623;ancad.bm
92;1.656327247;+;NA;NA;-0.161452752;NA;NA;NA;NA;NA;NA;NA;NA;NA;NA;8;-234.7344665;486.3364028;1.439745328;0.061095623;ancad.bm
84491;2.885984672;+;NA;NA;NA;NA;NA;NA;NA;0.18267633;NA;NA;NA;NA;+;8;-234.9233705;486.7142108;1.817553326;0.050578987;ancad.bm
2571;1.499690311;+;NA;NA;NA;NA;NA;NA;NA;0.18267633;NA;NA;NA;NA;NA;8;-234.9233705;486.7142108;1.817553326;0.050578987;ancad.bm
81971;2.887624192;+;NA;-0.125313619;NA;NA;NA;NA;NA;NA;NA;NA;NA;NA;+;8;-235.2661745;487.3998189;2.503161393;0.035899817;ancad.bm
51;1.501329831;+;NA;-0.125313619;NA;NA;NA;NA;NA;NA;NA;NA;NA;NA;NA;8;-235.2661745;487.3998189;2.503161393;0.035899817;ancad.bm
111;1.551938938;+;+;NA;-0.245780036;NA;NA;NA;NA;NA;NA;NA;NA;NA;NA;10;-233.0552371;487.4519376;2.555280145;0.034976374;ancad.bm
82031;2.938233299;+;+;NA;-0.245780036;NA;NA;NA;NA;NA;NA;NA;NA;NA;+;10;-233.0552371;487.4519376;2.555280145;0.034976374;ancad.bm
82571;2.883574114;+;NA;NA;NA;NA;NA;0.131999667;NA;NA;NA;NA;NA;NA;+;8;-235.4411529;487.7497756;2.853118124;0.030137005;ancad.bm
651;1.497279753;+;NA;NA;NA;NA;NA;0.131999667;NA;NA;NA;NA;NA;NA;NA;8;-235.4411529;487.7497756;2.853118124;0.030137005;ancad.bm
3;1.287356198;+;+;NA;NA;NA;NA;NA;NA;NA;NA;NA;NA;NA;NA;9;-234.6017609;488.294431;3.39777352;0.022952483;ancad.bm
8195;2.673650559;+;+;NA;NA;NA;NA;NA;NA;NA;NA;NA;NA;NA;+;9;-234.6017609;488.294431;3.39777352;0.022952483;ancad.bm
171;1.49675984;+;NA;NA;NA;0.055327837;NA;NA;NA;NA;NA;NA;NA;NA;NA;8;-235.7920392;488.4515484;3.554890914;0.021218372;ancad.bm
82091;2.883054201;+;NA;NA;NA;0.055327837;NA;NA;NA;NA;NA;NA;NA;NA;+;8;-235.7920392;488.4515484;3.554890914;0.021218372;ancad.bm
73;1.671351133;+;NA;NA;-0.17575258;NA;NA;0.150299761;NA;NA;NA;NA;NA;NA;NA;9;-234.6862381;488.4633852;3.566727752;0.021093164;ancad.bm
8265;3.057645494;+;NA;NA;-0.17575258;NA;NA;0.150299761;NA;NA;NA;NA;NA;NA;+;9;-234.6862381;488.4633852;3.566727752;0.021093164;ancad.bm
331;1.496534831;+;NA;NA;NA;NA;-0.001386954;NA;NA;NA;NA;NA;NA;NA;NA;8;-235.8711636;488.609797;3.713139545;0.019604186;ancad.bm
82251;2.882829192;+;NA;NA;NA;NA;-0.001386954;NA;NA;NA;NA;NA;NA;NA;+;8;-235.8711636;488.609797;3.713139545;0.019604186;ancad.bm
4419;0.737277241;+;+;NA;NA;NA;NA;0.185819746;NA;0.216265006;NA;NA;NA;0.212735636;NA;12;-158.9463003;343.8067109;0;0.386037662;endo.bm
12611;2.123571602;+;+;NA;NA;NA;NA;0.185819746;NA;0.216265006;NA;NA;NA;0.212735636;+;12;-158.9463003;343.8067109;0;0.386037662;endo.bm
12627;2.125877136;+;+;NA;NA;-0.102629323;NA;0.186061123;NA;0.232982036;NA;NA;NA;0.208713624;+;13;-159.6842855;347.6154846;3.808773697;0.057486382;endo.bm
4435;0.739582775;+;+;NA;NA;-0.102629323;NA;0.186061124;NA;0.232982036;NA;NA;NA;0.208713624;NA;13;-159.6842855;347.6154846;3.808773697;0.057486382;endo.bm
4547;0.625386396;+;+;NA;NA;NA;NA;0.141334336;0.082253118;0.248081741;NA;NA;NA;0.237612822;NA;13;-159.7020186;347.6509508;3.844239895;0.056475956;endo.bm
12739;2.011680757;+;+;NA;NA;NA;NA;0.141334337;0.082253119;0.248081742;NA;NA;NA;0.237612822;+;13;-159.7020186;347.6509508;3.844239895;0.056475956;endo.bm
44191;0.590602489;+;+;NA;NA;NA;NA;0.16541965;NA;0.209581166;NA;NA;NA;0.187957025;NA;12;-150.0145983;325.9670848;0;0.184696894;endad.bm
126111;1.97689685;+;+;NA;NA;NA;NA;0.16541965;NA;0.209581166;NA;NA;NA;0.187957025;+;12;-150.0145983;325.9670848;0;0.184696894;endad.bm
97352;2.189178641;+;+;-0.516615206;NA;NA;NA;NA;NA;NA;0.239593054;+;NA;NA;+;19;-142.0021839;326.9394328;0.97234802;0.113583933;endad.bm
15432;0.802884281;+;+;-0.516615207;NA;NA;NA;NA;NA;NA;0.239593054;+;NA;NA;NA;19;-142.0021839;326.9394328;0.97234802;0.113583933;endad.bm
54432;0.610005509;+;+;NA;NA;NA;NA;0.20791439;NA;0.199950022;NA;+;NA;0.2755509;NA;20;-141.5136254;328.517447;2.550362194;0.051600686;endad.bm
136352;1.99629987;+;+;NA;NA;NA;NA;0.20791439;NA;0.199950022;NA;+;NA;0.2755509;+;20;-141.5136254;328.517447;2.550362194;0.051600686;endad.bm
97511;2.220854302;+;+;-0.555103411;NA;0.230725013;NA;NA;NA;NA;0.25010608;+;NA;NA;+;20;-141.9668571;329.4239103;3.456825482;0.032795894;endad.bm
15591;0.834559941;+;+;-0.555103411;NA;0.230725013;NA;NA;NA;NA;0.25010608;+;NA;NA;NA;20;-141.9668571;329.4239103;3.456825482;0.032795894;endad.bm
126271;1.979288358;+;+;NA;NA;-0.135782164;NA;0.16501487;NA;0.23070437;NA;NA;NA;0.183016374;+;13;-150.5883956;329.4517913;3.484706502;0.032341875;endad.bm
44351;0.592993997;+;+;NA;NA;-0.135782164;NA;0.16501487;NA;0.23070437;NA;NA;NA;0.183016374;NA;13;-150.5883956;329.4517913;3.484706502;0.032341875;endad.bm
6499;0.468853097;+;+;NA;NA;NA;-0.376944463;0.20122225;NA;0.25299577;NA;NA;0.28745441;0.239985917;NA;14;-149.4708637;329.5832367;3.616151966;0.030284623;endad.bm
14691;1.855147459;+;+;NA;NA;NA;-0.376944463;0.20122225;NA;0.25299577;NA;NA;0.287454411;0.239985917;+;14;-149.4708637;329.5832367;3.616151966;0.030284623;endad.bm
4451;0.593965779;+;+;NA;NA;NA;-0.114950431;0.168711631;NA;0.225984351;NA;NA;NA;0.1874785;NA;13;-150.7264985;329.7279969;3.760912149;0.028170068;endad.bm
12643;1.980260141;+;+;NA;NA;NA;-0.114950432;0.168711632;NA;0.225984353;NA;NA;NA;0.1874785;+;13;-150.7264985;329.7279969;3.760912149;0.028170068;endad.bm
12610;1.898375084;NA;+;NA;NA;NA;NA;0.168779916;NA;0.232936595;NA;NA;NA;0.182690168;+;8;-156.4877684;329.8482641;3.881179309;0.026526027;endad.bm
4418;0.512080723;NA;+;NA;NA;NA;NA;0.168779916;NA;0.232936595;NA;NA;NA;0.182690168;NA;8;-156.4877684;329.8482641;3.881179309;0.026526027;endad.bm
515;1.600383008;+;+;NA;NA;NA;NA;NA;NA;NA;0.204759789;NA;NA;NA;NA;10;-210.6653379;442.6721392;0;0.089979459;N.bm
8707;2.986677369;+;+;NA;NA;NA;NA;NA;NA;NA;0.204759789;NA;NA;NA;+;10;-210.6653379;442.6721392;1.14E-13;0.089979459;N.bm
32;1.734846669;+;+;NA;NA;NA;NA;NA;NA;NA;NA;NA;NA;NA;NA;9;-211.9275618;442.9460327;0.273893494;0.078463587;N.bm
81951;3.12114103;+;+;NA;NA;NA;NA;NA;NA;NA;NA;NA;NA;NA;+;9;-211.9275618;442.9460327;0.273893494;0.078463587;N.bm
82032;3.321563247;+;+;NA;-0.18818946;NA;NA;NA;NA;NA;NA;NA;NA;NA;+;10;-210.976156;443.2937753;0.621636139;0.065941194;N.bm
112;1.935268886;+;+;NA;-0.18818946;NA;NA;NA;NA;NA;NA;NA;NA;NA;NA;10;-210.976156;443.2937753;0.621636139;0.065941194;N.bm
131;2.19070161;+;NA;-0.188762756;-0.183672596;NA;NA;NA;NA;NA;NA;NA;NA;NA;NA;9;-212.2337881;443.5584852;0.88634605;0.057766463;N.bm
82051;3.576995972;+;NA;-0.188762756;-0.183672596;NA;NA;NA;NA;NA;NA;NA;NA;NA;+;9;-212.2337881;443.5584852;0.88634605;0.057766463;N.bm
14;2.00409112;+;NA;NA;NA;NA;NA;NA;NA;NA;NA;NA;NA;NA;NA;7;-214.8229393;444.3165373;1.644398139;0.039542749;N.bm
81932;3.390385481;+;NA;NA;NA;NA;NA;NA;NA;NA;NA;NA;NA;NA;+;7;-214.8229393;444.3165373;1.644398139;0.039542749;N.bm
81972;3.393126537;+;NA;-0.149608069;NA;NA;NA;NA;NA;NA;NA;NA;NA;NA;+;8;-213.7995583;444.4665865;1.794447336;0.036684625;N.bm
52;2.006832176;+;NA;-0.149608069;NA;NA;NA;NA;NA;NA;NA;NA;NA;NA;NA;8;-213.7995583;444.4665865;1.794447336;0.036684625;N.bm
7;1.903379479;+;+;-0.218274109;NA;NA;NA;NA;NA;NA;NA;NA;NA;NA;NA;10;-211.863232;445.0679274;2.395788179;0.027158425;N.bm
8199;3.289673841;+;+;-0.218274109;NA;NA;NA;NA;NA;NA;NA;NA;NA;NA;+;10;-211.863232;445.0679274;2.395788179;0.027158425;N.bm
519;1.756878878;+;+;-0.198470521;NA;NA;NA;NA;NA;NA;0.199359505;NA;NA;NA;NA;11;-210.7953343;445.2103006;2.538161402;0.025292318;N.bm
8711;3.143173239;+;+;-0.198470521;NA;NA;NA;NA;NA;NA;0.199359505;NA;NA;NA;+;11;-210.7953343;445.2103006;2.538161402;0.025292318;N.bm
87151;3.165586383;+;+;NA;-0.137986576;NA;NA;NA;NA;NA;0.156281186;NA;NA;NA;+;11;-210.9699121;445.5594561;2.887316949;0.02124078;N.bm
5231;1.779292023;+;+;NA;-0.137986576;NA;NA;NA;NA;NA;0.156281186;NA;NA;NA;NA;11;-210.9699121;445.5594561;2.887316949;0.02124078;N.bm
84492;3.390801111;+;NA;NA;NA;NA;NA;NA;NA;0.160352474;NA;NA;NA;NA;+;8;-214.596423;446.060316;3.388176774;0.016535226;N.bm
2572;2.00450675;+;NA;NA;NA;NA;NA;NA;NA;0.160352475;NA;NA;NA;NA;NA;8;-214.596423;446.060316;3.388176774;0.016535226;N.bm
259;1.757760156;+;+;NA;NA;NA;NA;NA;NA;0.122735596;NA;NA;NA;NA;NA;10;-212.4782279;446.2979192;3.625779985;0.014683015;N.bm
8451;3.144054519;+;+;NA;NA;NA;NA;NA;NA;0.122735606;NA;NA;NA;NA;+;10;-212.4782279;446.2979192;3.625779985;0.014683015;N.bm
82012;3.522290221;+;NA;NA;-0.131986768;NA;NA;NA;NA;NA;NA;NA;NA;NA;+;8;-214.794093;446.4556559;3.783516704;0.013569479;N.bm
93;2.13599586;+;NA;NA;-0.131986768;NA;NA;NA;NA;NA;NA;NA;NA;NA;NA;8;-214.794093;446.4556559;3.783516704;0.013569479;N.bm
652;2.004993625;+;NA;NA;NA;NA;NA;0.134927346;NA;NA;NA;NA;NA;NA;NA;8;-214.8260512;446.5195723;3.847433079;0.013142679;N.bm
82572;3.391287987;+;NA;NA;NA;NA;NA;0.134927346;NA;NA;NA;NA;NA;NA;+;8;-214.8260512;446.5195723;3.847433079;0.013142679;N.bm
8194;1.747301621;NA;+;NA;NA;NA;NA;NA;NA;NA;NA;NA;NA;NA;+;5;-91.91827692;194.1958353;0;0.5;anc.juv.bm
2;0.36100726;NA;+;NA;NA;NA;NA;NA;NA;NA;NA;NA;NA;NA;NA;5;-91.91827692;194.1958353;1.99E-13;0.5;anc.juv.bm
44181;0.177685727;NA;+;NA;NA;NA;NA;0.158885267;NA;0.179965902;NA;NA;NA;0.110998663;NA;8;-71.21456461;159.3018565;0;0.268833996;endo.juv.bm
126101;1.563980088;NA;+;NA;NA;NA;NA;0.158885267;NA;0.179965902;NA;NA;NA;0.110998663;+;8;-71.21456461;159.3018565;1.42E-13;0.268833996;endo.juv.bm
54433;0.242838038;+;+;NA;NA;NA;NA;0.206863945;NA;0.196175217;NA;+;NA;0.148358475;NA;20;-57.28855457;160.0673052;0.76544873;0.183345015;endo.juv.bm
136353;1.629132399;+;+;NA;NA;NA;NA;0.206863944;NA;0.196175217;NA;+;NA;0.148358475;+;20;-57.28855457;160.0673052;0.76544873;0.183345015;endo.juv.bm
8514;1.59850077;NA;+;NA;NA;NA;NA;0.144911461;NA;0.196984507;NA;NA;NA;NA;+;7;-74.04020828;162.7551154;3.453258865;0.047820989;endo.juv.bm
322;0.212206409;NA;+;NA;NA;NA;NA;0.144911462;NA;0.196984507;NA;NA;NA;NA;NA;7;-74.04020828;162.7551154;3.453258865;0.047820989;endo.juv.bm
8512;1.893935178;NA;NA;NA;NA;NA;NA;0.178356946;NA;0.174349155;NA;NA;NA;NA;+;5;-123.7324483;257.8220395;0;0.193960984;juv.bm
320;0.507640817;NA;NA;NA;NA;NA;NA;0.178356946;NA;0.174349155;NA;NA;NA;NA;NA;5;-123.7324483;257.8220395;5.68E-14;0.193960984;juv.bm
321;0.563986544;+;NA;NA;NA;NA;NA;0.179622601;NA;0.17498101;NA;NA;NA;NA;NA;9;-119.5982139;258.2939888;0.471949265;0.153190523;juv.bm
8513;1.950280905;+;NA;NA;NA;NA;NA;0.179622601;NA;0.17498101;NA;NA;NA;NA;+;9;-119.5982139;258.2939888;0.471949265;0.153190523;juv.bm
8529;1.949177529;+;NA;NA;NA;-0.199012839;NA;0.174051783;NA;0.199439492;NA;NA;NA;NA;+;10;-119.5084238;260.3665409;2.544501367;0.05434792;juv.bm
337;0.562883168;+;NA;NA;NA;-0.199012839;NA;0.174051783;NA;0.199439492;NA;NA;NA;NA;NA;10;-119.5084238;260.3665409;2.544501367;0.05434792;juv.bm
4416;0.507904556;NA;NA;NA;NA;NA;NA;0.198131934;NA;0.174250511;NA;NA;NA;0.078306944;NA;6;-124.382837;261.2686681;3.446628555;0.034616926;juv.bm
12608;1.894198917;NA;NA;NA;NA;NA;NA;0.198131934;NA;0.174250511;NA;NA;NA;0.078306944;+;6;-124.382837;261.2686681;3.446628555;0.034616926;juv.bm
12609;1.949876768;+;NA;NA;NA;NA;NA;0.200106716;NA;0.174300745;NA;NA;NA;0.08304794;+;10;-120.0263023;261.4022978;3.580258273;0.032379577;juv.bm
4417;0.563582407;+;NA;NA;NA;NA;NA;0.200106716;NA;0.174300746;NA;NA;NA;0.08304794;NA;10;-120.0263023;261.4022978;3.580258273;0.032379577;juv.bm
8256;1.888336162;NA;NA;NA;NA;NA;NA;0.180257005;NA;NA;NA;NA;NA;NA;+;4;-126.6102168;261.45712;3.635080509;0.031504071;juv.bm
64;0.502041801;NA;NA;NA;NA;NA;NA;0.180257005;NA;NA;NA;NA;NA;NA;NA;4;-126.6102168;261.45712;3.635080509;0.031504071;juv.bm
45471;1.49569792;+;+;NA;NA;NA;NA;0.172746911;0.232053413;0.256403807;NA;NA;NA;0.449751156;NA;13;-242.4112965;513.0834626;0;0.2701013;SR
127391;2.88199228;+;+;NA;NA;NA;NA;0.172746909;0.232053414;0.256403807;NA;NA;NA;0.449751156;+;13;-242.4112965;513.0834626;0;0.2701013;SR
126112;3.180282471;+;+;NA;NA;NA;NA;0.296173697;NA;0.17169502;NA;NA;NA;0.379814822;+;12;-244.5495018;515.0249295;1.941466908;0.10231575;SR
44192;1.79398811;+;+;NA;NA;NA;NA;0.296173697;NA;0.17169502;NA;NA;NA;0.379814822;NA;12;-244.5495018;515.0249295;1.941466908;0.10231575;SR
4563;1.489654762;+;+;NA;NA;-0.202649756;NA;0.167013767;0.239862543;0.291575027;NA;NA;NA;0.444149944;NA;14;-242.5542622;515.7335245;2.650061891;0.071791503;SR
12755;2.875949124;+;+;NA;NA;-0.202649754;NA;0.167013769;0.239862542;0.291575026;NA;NA;NA;0.444149944;+;14;-242.5542622;515.7335245;2.650061891;0.071791503;SR
4579;1.503449302;+;+;NA;NA;NA;-0.116367989;0.179632814;0.229111028;0.27141328;NA;NA;NA;0.448948941;NA;14;-242.8064078;516.2378156;3.154353023;0.055791446;SR
12771;2.889743663;+;+;NA;NA;NA;-0.116367989;0.179632815;0.229111028;0.27141328;NA;NA;NA;0.448948941;+;14;-242.8064078;516.2378156;3.154353023;0.055791446;SR
81933;1.937295796;+;NA;NA;NA;NA;NA;NA;NA;NA;NA;NA;NA;NA;+;7;-67.46422481;149.6031484;0;0.115794328;H
16;0.551001435;+;NA;NA;NA;NA;NA;NA;NA;NA;NA;NA;NA;NA;NA;7;-67.46422481;149.6031484;1.14E-13;0.115794328;H
34;0.43444198;+;+;NA;NA;NA;NA;NA;NA;NA;NA;NA;NA;NA;NA;9;-65.41312393;149.9238088;0.320660427;0.09864084;H
81952;1.820736342;+;+;NA;NA;NA;NA;NA;NA;NA;NA;NA;NA;NA;+;9;-65.41312393;149.9238088;0.320660427;0.09864084;H
81941;1.754606533;NA;+;NA;NA;NA;NA;NA;NA;NA;NA;NA;NA;NA;+;5;-70.22640016;150.8099432;1.206794761;0.06333374;H
21;0.368312172;NA;+;NA;NA;NA;NA;NA;NA;NA;NA;NA;NA;NA;NA;5;-70.22640016;150.8099432;1.206794761;0.06333374;H
8192;NA;NA;NA;NA;NA;NA;NA;NA;NA;NA;NA;NA;NA;NA;+;3;-72.36863816;150.8784528;1.275304382;0.061200992;H
0;NA;NA;NA;NA;NA;NA;NA;NA;NA;NA;NA;NA;NA;NA;NA;3;-72.36863816;150.8784528;1.275304382;0.061200992;H
53;0.552986454;+;NA;-0.06579646;NA;NA;NA;NA;NA;NA;NA;NA;NA;NA;NA;8;-67.08091365;151.0345546;1.431406155;0.05660586;H
81973;1.939280815;+;NA;-0.06579646;NA;NA;NA;NA;NA;NA;NA;NA;NA;NA;+;8;-67.08091365;151.0345546;1.431406155;0.05660586;H
653;0.551363792;+;NA;NA;NA;NA;NA;0.07064792;NA;NA;NA;NA;NA;NA;NA;8;-67.60571071;152.0841487;2.481000284;0.033492296;H
82573;1.937658153;+;NA;NA;NA;NA;NA;0.07064792;NA;NA;NA;NA;NA;NA;+;8;-67.60571071;152.0841487;2.481000284;0.033492296;H
8196;1.871529046;NA;NA;-0.064315408;NA;NA;NA;NA;NA;NA;NA;NA;NA;NA;+;4;-72.19976517;152.6362167;3.033068322;0.025413523;H
4;0.485234685;NA;NA;-0.064315408;NA;NA;NA;NA;NA;NA;NA;NA;NA;NA;NA;4;-72.19976517;152.6362167;3.033068322;0.025413523;H
84493;1.93844963;+;NA;NA;NA;NA;NA;NA;NA;0.075018464;NA;NA;NA;NA;+;8;-67.98558163;152.8438905;3.240742118;0.022907045;H
2573;0.552155269;+;NA;NA;NA;NA;NA;NA;NA;0.075018463;NA;NA;NA;NA;NA;8;-67.98558163;152.8438905;3.240742118;0.022907045;H
641;0.483344449;NA;NA;NA;NA;NA;NA;0.074095961;NA;NA;NA;NA;NA;NA;NA;4;-72.31659343;152.8698733;3.266724837;0.022611377;H
82561;1.86963881;NA;NA;NA;NA;NA;NA;0.074095961;NA;NA;NA;NA;NA;NA;+;4;-72.31659343;152.8698733;3.266724837;0.022611377;H
